{"count":1,"self":145.20864,"total":146.4626066,"children":{"InitializeActuators":{"count":1,"self":0.0015015999999999999,"total":0.0015015999999999999,"children":null},"InitializeSensors":{"count":1,"self":0.0020020999999999997,"total":0.0020020999999999997,"children":null},"AgentSendState":{"count":6595,"self":0.11561919999999999,"total":0.13213809999999998,"children":{"CollectObservations":{"count":1319,"self":0.0015011999999999998,"total":0.0015011999999999998,"children":null},"WriteActionMask":{"count":1319,"self":0.0020023,"total":0.0020023,"children":null},"RequestDecision":{"count":1319,"self":0.0130154,"total":0.0130154,"children":null}}},"DecideAction":{"count":6595,"self":1.0947984,"total":1.0978016,"children":{"RayPerceptionSensor.Perceive":{"count":2638,"self":0.0030031999999999997,"total":0.0030031999999999997,"children":null}}},"AgentAct":{"count":6595,"self":0.019518499999999998,"total":0.019518499999999998,"children":null}},"gauges":{"Move to Goal.CumulativeReward":{"count":37,"max":4.67449951,"min":-3.392994,"runningAverage":0.340284348,"value":4.516999,"weightedAverage":0.648853242}},"metadata":{"timer_format_version":"0.1.0","start_time_seconds":"1692207378","unity_version":"2021.3.27f1","command_line_arguments":"C:\\Program Files\\Unity\\Hub\\Editor\\2021.3.27f1\\Editor\\Unity.exe -projectpath C:\\Users\\Johor\\Documents\\GitHub\\MechanicMiner2.0 -useHub -hubIPC -cloudEnvironment production -licensingIpc LicenseClient-Johor -hubSessionId ef4e7d00-3ac9-11ee-b902-fda81c066402 -accessToken YnXv-Lp8ljwmDEzs6dhvdEXEDSvyQGlKmLJSR5nu0js003f","communication_protocol_version":"1.5.0","com.unity.ml-agents_version":"2.0.1","scene_name":"PlatformerMM","end_time_seconds":"1692207525"}}